index,dfn_date,dfn_tenure,dfn_leads,dfn_aged_leads,dfn_dials,dfn_sum_dials,dfn_distinct_numbers,dfn_connects,dfn_aged_connects,dfn_distinct_connects,dfn_contacts,dfn_aged_contacts,dfn_distinct_contacts,dfn_quotes,dfn_distinct_quotes,dfn_closes,dfn_aged_closes,dfn_binds,dfn_aged_binds,dfn_waiting,dfn_connect,dfn_paused,dfn_deassign,dfn_acw,dfn_total
0,2014-01-02,18961.0,5385.0,0.0,6474.0,0.0,5503.0,5595.0,0.0,4993.0,4261.0,0.0,3881.0,1367.0,1172.0,0.0,0.0,134.0,41.0,400687.0,3831243.0,1555396.0,103877.0,140095.0,6492258.0
1,2014-01-03,14638.0,4448.0,0.0,5265.0,0.0,4541.0,4592.0,0.0,4108.0,3342.0,0.0,3017.0,938.0,748.0,0.0,0.0,132.0,88.0,263572.0,2322086.0,882449.0,85941.0,92658.0,3999186.0
2,2014-01-04,652.0,25.0,0.0,40.0,0.0,27.0,40.0,0.0,27.0,27.0,0.0,15.0,14.0,8.0,0.0,0.0,4.0,4.0,1061.0,36798.0,14137.0,228.0,2137.0,58481.0
3,2014-01-06,19831.0,6415.0,0.0,7510.0,0.0,6567.0,6688.0,0.0,6001.0,4918.0,0.0,4480.0,1451.0,1198.0,1.0,0.0,138.0,79.0,796004.0,3481657.0,1384546.0,340386.0,137328.0,6658641.0
4,2014-01-07,20340.0,5801.0,0.0,6864.0,0.0,5921.0,5981.0,0.0,5289.0,4376.0,0.0,3951.0,1533.0,1279.0,1.0,1.0,144.0,45.0,439647.0,3952033.0,1687236.0,231911.0,136784.0,6926531.0
5,2014-01-08,21432.0,5351.0,0.0,6574.0,0.0,5474.0,5735.0,0.0,4954.0,4300.0,0.0,3798.0,1564.0,1263.0,0.0,0.0,171.0,53.0,628710.0,4016336.0,1744644.0,206917.0,147598.0,7250885.0
6,2014-01-09,21166.0,5300.0,0.0,6544.0,0.0,5425.0,5830.0,0.0,5032.0,4191.0,0.0,3666.0,1543.0,1261.0,0.0,0.0,170.0,61.0,679795.0,4167997.0,1918289.0,237223.0,137356.0,7642180.0
7,2014-01-10,21818.0,6036.0,0.0,7579.0,0.0,6179.0,6701.0,0.0,5676.0,4798.0,0.0,4123.0,1690.0,1295.0,0.0,0.0,192.0,101.0,746756.0,3933708.0,2298698.0,161321.0,150842.0,7801365.0
8,2014-01-11,7095.0,614.0,0.0,692.0,0.0,624.0,618.0,0.0,560.0,488.0,0.0,450.0,207.0,180.0,0.0,0.0,24.0,18.0,39093.0,417077.0,352077.0,1.0,13512.0,931280.0
9,2014-01-13,22134.0,5290.0,0.0,6574.0,0.0,5461.0,5810.0,0.0,5058.0,4501.0,0.0,3989.0,1686.0,1384.0,1.0,1.0,158.0,48.0,695692.0,4320465.0,1967623.0,294848.0,137289.0,7950437.0
10,2014-01-14,23213.0,6282.0,0.0,7705.0,0.0,6434.0,6714.0,0.0,5864.0,4885.0,0.0,4370.0,1728.0,1410.0,0.0,0.0,174.0,69.0,648074.0,4486115.0,2040382.0,249056.0,142913.0,8077260.0
11,2014-01-15,22574.0,5455.0,0.0,6802.0,0.0,5626.0,5949.0,0.0,5162.0,4431.0,0.0,3941.0,1614.0,1307.0,0.0,0.0,168.0,77.0,800333.0,4015952.0,1897394.0,321073.0,127477.0,7661509.0
12,2014-01-16,22884.0,6093.0,0.0,7510.0,0.0,6277.0,6538.0,0.0,5703.0,4745.0,0.0,4220.0,1702.0,1375.0,0.0,0.0,177.0,95.0,651204.0,4242585.0,2089806.0,247928.0,138493.0,7885576.0
13,2014-01-17,22268.0,5493.0,0.0,6901.0,0.0,5686.0,6080.0,0.0,5229.0,4316.0,0.0,3831.0,1503.0,1196.0,0.0,0.0,209.0,115.0,624734.0,3897952.0,2194567.0,192450.0,134968.0,7519191.0
14,2014-01-18,8173.0,889.0,0.0,1070.0,0.0,910.0,933.0,0.0,849.0,722.0,0.0,677.0,204.0,175.0,0.0,0.0,18.0,10.0,97688.0,544697.0,408826.0,32326.0,19566.0,1225543.0
15,2014-01-19,419.0,0.0,0.0,0.0,0.0,0.0,0.0,0.0,0.0,0.0,0.0,0.0,0.0,0.0,0.0,0.0,1.0,0.0,0.0,0.0,0.0,0.0,0.0,0.0
16,2014-01-20,18824.0,5381.0,0.0,6584.0,0.0,5513.0,5675.0,0.0,5022.0,4200.0,0.0,3793.0,1446.0,1201.0,0.0,0.0,133.0,48.0,628099.0,3689298.0,1577524.0,77742.0,122825.0,6517728.0
17,2014-01-21,21390.0,5131.0,0.0,6324.0,0.0,5289.0,5511.0,0.0,4800.0,4158.0,0.0,3694.0,1463.0,1211.0,0.0,0.0,154.0,62.0,598552.0,3858101.0,1891788.0,58675.0,163260.0,7071976.0
18,2014-01-22,22229.0,5394.0,0.0,6638.0,0.0,5546.0,5812.0,0.0,5083.0,4313.0,0.0,3871.0,1560.0,1293.0,1.0,1.0,168.0,73.0,657006.0,4139476.0,1886618.0,118142.0,150707.0,7446069.0
19,2014-01-23,22473.0,6027.0,0.0,7485.0,0.0,6143.0,6592.0,0.0,5695.0,4727.0,0.0,4195.0,1604.0,1274.0,0.0,0.0,175.0,78.0,727234.0,4274702.0,1999495.0,84922.0,182927.0,7816320.0
20,2014-01-24,23140.0,6235.0,0.0,8006.0,0.0,6397.0,6938.0,0.0,5924.0,5098.0,0.0,4462.0,1713.0,1324.0,0.0,0.0,222.0,109.0,929966.0,4382520.0,2117264.0,49465.0,161319.0,8154774.0
21,2014-01-25,8806.0,669.0,0.0,819.0,0.0,684.0,713.0,0.0,652.0,520.0,0.0,486.0,143.0,122.0,2.0,2.0,26.0,23.0,82320.0,414950.0,332740.0,3143.0,17101.0,948174.0
22,2014-01-26,69.0,1.0,0.0,1.0,0.0,1.0,1.0,0.0,1.0,0.0,0.0,0.0,0.0,0.0,0.0,0.0,0.0,0.0,4.0,22.0,3158.0,112.0,0.0,3336.0
23,2014-01-27,21582.0,6161.0,0.0,7768.0,0.0,6306.0,6778.0,0.0,5866.0,5034.0,0.0,4515.0,1555.0,1271.0,2.0,1.0,159.0,70.0,816392.0,4141310.0,1950425.0,48114.0,135604.0,7582045.0
24,2014-01-28,23277.0,6954.0,0.0,8749.0,0.0,7110.0,7539.0,0.0,6503.0,5426.0,0.0,4859.0,1676.0,1349.0,0.0,0.0,165.0,61.0,1123910.0,4305100.0,2067575.0,84103.0,157199.0,8244327.0
25,2014-01-29,23847.0,5925.0,0.0,7611.0,0.0,6096.0,6496.0,0.0,5578.0,4726.0,0.0,4214.0,1550.0,1247.0,0.0,0.0,162.0,62.0,1245045.0,4164703.0,1946047.0,93224.0,146007.0,8109626.0
26,2014-01-30,23598.0,5888.0,0.0,7779.0,0.0,6154.0,6726.0,0.0,5678.0,5012.0,0.0,4346.0,1721.0,1317.0,0.0,0.0,190.0,83.0,1378232.0,4276584.0,2218233.0,129125.0,133458.0,8675312.0
27,2014-01-31,23086.0,5190.0,0.0,6832.0,0.0,5412.0,6065.0,0.0,5117.0,4587.0,0.0,3976.0,1513.0,1154.0,2.0,1.0,268.0,156.0,1288714.0,3726039.0,2700698.0,103105.0,130304.0,8471580.0
28,2014-02-01,566.0,11.0,0.0,13.0,0.0,11.0,13.0,0.0,11.0,13.0,0.0,11.0,11.0,9.0,0.0,0.0,3.0,3.0,979.0,21825.0,30481.0,0.0,110.0,53475.0
29,2014-02-03,24920.0,5549.0,0.0,7187.0,0.0,5754.0,6286.0,0.0,5404.0,4898.0,0.0,4314.0,1640.0,1293.0,7.0,3.0,234.0,114.0,3066400.0,15244896.0,6703992.0,854336.0,565000.0,27085144.0
30,2014-02-04,23631.0,5861.0,0.0,7409.0,0.0,6026.0,6521.0,0.0,5671.0,4943.0,0.0,4437.0,1568.0,1263.0,6.0,2.0,184.0,65.0,2448253.0,8495453.0,4296240.0,914372.0,294454.0,17004492.0
31,2014-02-05,22968.0,5936.0,0.0,7505.0,0.0,6107.0,6477.0,0.0,5690.0,4919.0,0.0,4466.0,1451.0,1176.0,11.0,5.0,163.0,73.0,2201466.0,8276294.0,4409654.0,803118.0,314792.0,16633124.0
32,2014-02-06,25293.0,6489.0,0.0,8166.0,0.0,6658.0,7110.0,0.0,6223.0,5373.0,0.0,4866.0,1577.0,1271.0,12.0,4.0,182.0,75.0,3068065.0,9116724.0,5070695.0,591824.0,445261.0,18969169.0
33,2014-02-07,25399.0,6861.0,0.0,8813.0,0.0,7045.0,7683.0,0.0,6637.0,5781.0,0.0,5123.0,1750.0,1317.0,6.0,2.0,234.0,124.0,2325230.0,9058610.0,5197179.0,457548.0,405362.0,18078729.0
34,2014-02-08,5732.0,1238.0,0.0,1553.0,0.0,1266.0,1349.0,0.0,1194.0,1013.0,0.0,941.0,201.0,173.0,3.0,3.0,30.0,13.0,137306.0,658926.0,323254.0,23778.0,26360.0,1299864.0
35,2014-02-10,23584.0,6792.0,0.0,8521.0,0.0,6968.0,7421.0,0.0,6537.0,5707.0,0.0,5180.0,1634.0,1298.0,11.0,3.0,223.0,100.0,1810703.0,9445604.0,4337306.0,479352.0,434016.0,17122181.0
36,2014-02-11,25949.0,7188.0,0.0,8996.0,0.0,7359.0,7925.0,0.0,6946.0,5966.0,0.0,5392.0,1780.0,1443.0,9.0,1.0,211.0,80.0,2635044.0,9800341.0,5308616.0,556092.0,389921.0,19349414.0
37,2014-02-12,26336.0,7223.0,0.0,8968.0,0.0,7393.0,7854.0,0.0,6947.0,6083.0,0.0,5497.0,1810.0,1418.0,14.0,8.0,213.0,73.0,2128871.0,9649976.0,6119729.0,487302.0,460117.0,19586235.0
38,2014-02-13,25306.0,7267.0,0.0,9254.0,0.0,7449.0,8022.0,0.0,7006.0,6151.0,0.0,5528.0,1690.0,1315.0,95.0,30.0,236.0,90.0,2394066.0,9517102.0,5503300.0,574664.0,531450.0,19231902.0
39,2014-02-14,25425.0,6733.0,0.0,8581.0,0.0,6940.0,7575.0,0.0,6556.0,5842.0,0.0,5122.0,1769.0,1300.0,156.0,86.0,250.0,134.0,2945104.0,8314754.0,5957595.0,591246.0,445646.0,18982665.0
40,2014-02-15,3049.0,200.0,0.0,242.0,0.0,206.0,214.0,0.0,181.0,182.0,0.0,159.0,67.0,57.0,10.0,4.0,19.0,12.0,10768.0,196286.0,77034.0,732.0,4085.0,317505.0
41,2014-02-17,26418.0,7812.0,0.0,9756.0,0.0,7943.0,8472.0,0.0,7520.0,6402.0,0.0,5871.0,1735.0,1418.0,115.0,43.0,227.0,86.0,2129400.0,10682281.0,4523482.0,507734.0,381224.0,18916001.0
42,2014-02-18,26036.0,7158.0,0.0,9273.0,0.0,7370.0,8067.0,0.0,6952.0,5997.0,0.0,5334.0,1836.0,1429.0,105.0,40.0,224.0,84.0,3650225.0,9811759.0,4906281.0,754666.0,328942.0,20136393.0
43,2014-02-19,25825.0,7076.0,0.0,9243.0,0.0,7298.0,8093.0,0.0,6935.0,6038.0,0.0,5404.0,1870.0,1431.0,53.0,29.0,248.0,92.0,2956571.0,10038414.0,5551527.0,460628.0,471652.0,20207112.0
44,2014-02-20,25923.0,7570.0,0.0,9948.0,0.0,7758.0,8539.0,0.0,7379.0,6525.0,0.0,5822.0,2015.0,1535.0,67.0,21.0,242.0,89.0,3242259.0,11010770.0,5854198.0,487828.0,491653.0,21852428.0
45,2014-02-21,24830.0,7061.0,0.0,9164.0,0.0,7281.0,8047.0,0.0,6955.0,5989.0,0.0,5381.0,1754.0,1353.0,159.0,72.0,271.0,125.0,2908736.0,9428990.0,5315747.0,638238.0,393982.0,19426373.0
46,2014-02-22,14326.0,1443.0,0.0,1750.0,0.0,1497.0,1532.0,0.0,1350.0,1178.0,0.0,1050.0,415.0,345.0,32.0,14.0,60.0,30.0,88898.0,1058135.0,701984.0,11434.0,67890.0,2099621.0
47,2014-02-23,167.0,0.0,0.0,0.0,0.0,0.0,0.0,0.0,0.0,0.0,0.0,0.0,0.0,0.0,0.0,0.0,26.0,26.0,0.0,0.0,0.0,0.0,0.0,0.0
48,2014-02-24,24686.0,7626.0,0.0,9848.0,0.0,7851.0,8591.0,0.0,7460.0,6378.0,0.0,5790.0,1848.0,1503.0,144.0,46.0,244.0,82.0,2363798.0,10688524.0,4783889.0,442539.0,368672.0,19295502.0
49,2014-02-25,25505.0,7416.0,0.0,9526.0,0.0,7606.0,8341.0,0.0,7277.0,6155.0,0.0,5634.0,1727.0,1430.0,127.0,46.0,214.0,78.0,2381666.0,10469670.0,5232713.0,495690.0,380526.0,19672705.0
50,2014-02-26,26080.0,7212.0,0.0,9343.0,0.0,7418.0,8045.0,0.0,6977.0,5898.0,0.0,5334.0,1675.0,1334.0,144.0,54.0,217.0,94.0,3621133.0,9567227.0,4922784.0,761544.0,418029.0,19974757.0
51,2014-02-27,27044.0,6854.0,0.0,8935.0,0.0,7105.0,7730.0,0.0,6629.0,5824.0,0.0,5218.0,1788.0,1426.0,148.0,54.0,247.0,88.0,3294163.0,9571636.0,5006104.0,816346.0,374905.0,19674834.0
52,2014-02-28,26787.0,7176.0,0.0,9426.0,0.0,7501.0,8144.0,0.0,7052.0,6108.0,0.0,5472.0,1775.0,1384.0,178.0,88.0,283.0,147.0,2743511.0,9088669.0,6003211.0,736126.0,496068.0,19812265.0
53,2014-03-01,430.0,61.0,0.0,64.0,0.0,62.0,36.0,0.0,35.0,35.0,0.0,34.0,12.0,12.0,2.0,1.0,2.0,1.0,735.0,36212.0,8601.0,0.0,157.0,49865.0
54,2014-03-03,25664.0,8421.0,0.0,10613.0,0.0,8732.0,9235.0,0.0,8212.0,6956.0,0.0,6359.0,1977.0,1582.0,153.0,57.0,243.0,86.0,3790890.0,29252479.0,12707557.0,1163908.0,978887.0,48633761.0
55,2014-03-04,27543.0,8710.0,0.0,11022.0,0.0,8955.0,9508.0,0.0,8314.0,6731.0,0.0,6097.0,1811.0,1435.0,160.0,60.0,228.0,90.0,1814796.0,10580312.0,5158896.0,675014.0,359192.0,19208570.0
56,2014-03-05,28589.0,8494.0,0.0,10923.0,0.0,8758.0,9602.0,0.0,8294.0,6647.0,0.0,5971.0,1967.0,1509.0,174.0,58.0,257.0,92.0,2634394.0,10731001.0,5178666.0,688425.0,459314.0,20385600.0
57,2014-03-06,28377.0,8070.0,0.0,10173.0,0.0,8288.0,8999.0,0.0,7860.0,6127.0,0.0,5521.0,1747.0,1399.0,156.0,68.0,248.0,111.0,2974815.0,10071901.0,5291938.0,931400.0,448778.0,20449272.0
58,2014-03-07,28685.0,8933.0,0.0,11285.0,0.0,9176.0,10003.0,0.0,8711.0,6624.0,0.0,5957.0,1938.0,1486.0,190.0,86.0,270.0,127.0,2716648.0,10015314.0,5642132.0,682494.0,411648.0,20205716.0
59,2014-03-08,7809.0,1321.0,0.0,1609.0,0.0,1348.0,1375.0,0.0,1222.0,917.0,0.0,859.0,201.0,167.0,20.0,14.0,24.0,19.0,83292.0,580107.0,249454.0,20909.0,15626.0,1071548.0
60,2014-03-09,202.0,0.0,0.0,0.0,0.0,0.0,0.0,0.0,0.0,0.0,0.0,0.0,0.0,0.0,0.0,0.0,1.0,1.0,0.0,0.0,0.0,0.0,0.0,0.0
61,2014-03-10,26440.0,8996.0,0.0,11405.0,0.0,9209.0,10071.0,0.0,8792.0,7034.0,0.0,6392.0,1835.0,1451.0,144.0,51.0,203.0,71.0,2123545.0,10078056.0,4895191.0,1095372.0,279540.0,19197144.0
62,2014-03-11,27477.0,8558.0,0.0,10879.0,0.0,8794.0,9680.0,0.0,8424.0,6601.0,0.0,6027.0,1771.0,1410.0,134.0,57.0,194.0,72.0,2839049.0,10251565.0,4835198.0,1195122.0,312795.0,20267249.0
63,2014-03-12,28993.0,8772.0,0.0,11284.0,0.0,9032.0,10013.0,0.0,8651.0,6897.0,0.0,6218.0,1912.0,1497.0,162.0,57.0,234.0,88.0,2308385.0,11061818.0,5113754.0,1320473.0,522796.0,21089026.0
64,2014-03-13,28935.0,7727.0,0.0,10039.0,0.0,8051.0,8962.0,0.0,7743.0,6313.0,0.0,5645.0,1919.0,1488.0,149.0,57.0,238.0,100.0,3793206.0,10230412.0,4836731.0,1382766.0,422592.0,21391907.0
65,2014-03-14,29488.0,8334.0,0.0,10831.0,0.0,8668.0,9601.0,0.0,8271.0,6801.0,0.0,6062.0,2028.0,1544.0,194.0,78.0,300.0,134.0,3064532.0,10469932.0,5408744.0,1028804.0,656390.0,21410282.0
66,2014-03-15,2501.0,171.0,0.0,196.0,0.0,177.0,165.0,0.0,151.0,134.0,0.0,124.0,50.0,44.0,7.0,3.0,9.0,6.0,5323.0,145759.0,20930.0,108.0,43694.0,236254.0
67,2014-03-16,97.0,6.0,0.0,8.0,0.0,6.0,8.0,0.0,6.0,8.0,0.0,6.0,5.0,3.0,0.0,0.0,0.0,0.0,0.0,0.0,0.0,0.0,0.0,0.0
68,2014-03-17,27567.0,9976.0,0.0,12682.0,0.0,10238.0,11164.0,0.0,9784.0,7582.0,0.0,7005.0,1888.0,1499.0,111.0,33.0,192.0,57.0,2173820.0,11263450.0,4083754.0,1085172.0,499662.0,19830938.0
69,2014-03-18,30468.0,9086.0,0.0,11605.0,0.0,9366.0,10207.0,0.0,8942.0,7153.0,0.0,6450.0,2049.0,1621.0,148.0,51.0,209.0,73.0,2946793.0,11415495.0,4823883.0,1444783.0,419808.0,21859562.0
70,2014-03-19,30778.0,10259.0,0.0,13046.0,0.0,10567.0,11486.0,0.0,10134.0,7953.0,0.0,7259.0,2069.0,1619.0,169.0,70.0,238.0,105.0,3421167.0,12081612.0,5241931.0,803290.0,479867.0,22869227.0
71,2014-03-20,29571.0,8899.0,0.0,11315.0,0.0,9173.0,9917.0,0.0,8766.0,7084.0,0.0,6446.0,1924.0,1519.0,146.0,57.0,237.0,102.0,3412348.0,11090297.0,5574390.0,798034.0,399695.0,22111724.0
72,2014-03-21,28810.0,8830.0,0.0,11350.0,0.0,9130.0,10027.0,0.0,8812.0,7144.0,0.0,6481.0,1817.0,1413.0,185.0,78.0,271.0,126.0,3097344.0,10410135.0,5772655.0,772794.0,366863.0,21187911.0
73,2014-03-22,5980.0,810.0,0.0,971.0,0.0,820.0,839.0,0.0,739.0,555.0,0.0,492.0,163.0,131.0,13.0,10.0,24.0,16.0,51478.0,423949.0,302195.0,12063.0,108187.0,1003192.0
74,2014-03-24,29344.0,10319.0,1574.0,13007.0,1875.0,10627.0,11402.0,1670.0,10160.0,8142.0,1122.0,7508.0,2012.0,1630.0,174.0,67.0,229.0,76.0,2074226.0,12545311.0,5434505.0,370696.0,669887.0,21851145.0
75,2014-03-25,31118.0,11075.0,3080.0,13886.0,3655.0,11402.0,12241.0,3301.0,10907.0,8237.0,2045.0,7598.0,2109.0,1712.0,86.0,39.0,259.0,111.0,3216030.0,12397377.0,5999939.0,791068.0,786471.0,24027885.0
76,2014-03-26,32294.0,10362.0,3267.0,13016.0,3845.0,10650.0,11485.0,3482.0,10225.0,7904.0,2088.0,7220.0,2117.0,1668.0,156.0,39.0,250.0,86.0,3261882.0,12504520.0,6236522.0,841338.0,773639.0,24507821.0
77,2014-03-27,33659.0,9719.0,3127.0,12217.0,3643.0,10006.0,10763.0,3289.0,9545.0,7361.0,2026.0,6733.0,1919.0,1523.0,172.0,54.0,247.0,89.0,3391572.0,11121238.0,6189140.0,730456.0,668532.0,23023138.0
78,2014-03-28,31137.0,9815.0,3994.0,12438.0,4680.0,10117.0,10956.0,4257.0,9653.0,7417.0,2554.0,6688.0,2005.0,1548.0,183.0,76.0,284.0,130.0,3500010.0,10797644.0,6021140.0,847376.0,351060.0,22330590.0
79,2014-03-29,5887.0,588.0,37.0,692.0,45.0,595.0,595.0,43.0,529.0,405.0,28.0,371.0,113.0,96.0,8.0,4.0,17.0,9.0,28505.0,293329.0,166206.0,3278.0,12463.0,569021.0
80,2014-03-31,30389.0,11203.0,5097.0,13875.0,5913.0,11515.0,12240.0,5347.0,11009.0,8546.0,3387.0,7881.0,2052.0,1684.0,172.0,62.0,251.0,93.0,2255910.0,12383574.0,5783629.0,443514.0,512811.0,22172438.0
81,2014-04-01,32259.0,10263.0,3876.0,12949.0,4520.0,10558.0,11442.0,4078.0,10137.0,7737.0,2403.0,7061.0,2048.0,1637.0,164.0,60.0,283.0,127.0,3453652.0,11964443.0,5880023.0,649242.0,547901.0,23312661.0
82,2014-04-02,32373.0,11484.0,4582.0,14161.0,5264.0,11681.0,12472.0,4807.0,11098.0,8078.0,2695.0,7408.0,2084.0,1622.0,142.0,47.0,227.0,79.0,5984122.0,17689790.0,9562934.0,1446209.0,757620.0,36357835.0
83,2014-04-03,30677.0,6334.0,2398.0,7862.0,2758.0,6499.0,6850.0,2493.0,6196.0,4755.0,1581.0,4411.0,1278.0,1061.0,118.0,59.0,194.0,95.0,2813101.0,11227767.0,6587663.0,606100.0,804537.0,22864088.0
84,2014-04-04,30395.0,8220.0,3246.0,10526.0,3777.0,8515.0,9220.0,3408.0,8165.0,6547.0,2321.0,5925.0,1749.0,1357.0,168.0,72.0,254.0,113.0,2687368.0,15830503.0,7935583.0,444609.0,604244.0,28407187.0
85,2014-04-05,479.0,31.0,22.0,36.0,26.0,31.0,28.0,18.0,24.0,20.0,13.0,16.0,3.0,3.0,0.0,0.0,1.0,1.0,534.0,5308.0,2749.0,11546.0,103.0,24320.0
86,2014-04-07,30668.0,13318.0,6761.0,16337.0,7768.0,13614.0,14306.0,7021.0,12969.0,9653.0,4354.0,9039.0,2187.0,1814.0,157.0,79.0,225.0,113.0,2329506.0,13139349.0,5402797.0,314870.0,415069.0,22406751.0
87,2014-04-08,29764.0,11053.0,4838.0,13711.0,5544.0,11389.0,11900.0,4982.0,10793.0,8113.0,2945.0,7496.0,2002.0,1615.0,141.0,42.0,224.0,69.0,3019526.0,12054238.0,5703645.0,398020.0,423082.0,22402831.0
88,2014-04-09,31655.0,10713.0,4520.0,13337.0,5242.0,10995.0,11665.0,4708.0,10490.0,7945.0,2907.0,7292.0,1971.0,1576.0,150.0,71.0,232.0,112.0,4188405.0,11620589.0,5845563.0,633418.0,370480.0,23472015.0
89,2014-04-10,31855.0,10032.0,4334.0,12752.0,5150.0,10323.0,11144.0,4672.0,9890.0,7594.0,2714.0,6905.0,1984.0,1566.0,145.0,61.0,238.0,98.0,6241684.0,16862812.0,9914577.0,1097606.0,593480.0,35526879.0
90,2014-04-11,31934.0,9919.0,4564.0,12554.0,5417.0,10261.0,11061.0,4910.0,9799.0,7653.0,3027.0,7006.0,1968.0,1573.0,157.0,73.0,250.0,120.0,2982690.0,10918028.0,6117046.0,542432.0,374564.0,21755440.0
91,2014-04-12,7409.0,425.0,237.0,520.0,262.0,445.0,449.0,232.0,395.0,380.0,195.0,332.0,126.0,93.0,5.0,3.0,11.0,7.0,27469.0,254312.0,318427.0,5359.0,6699.0,677626.0
92,2014-04-14,30885.0,10344.0,3574.0,12712.0,4048.0,10614.0,11209.0,3734.0,10077.0,7670.0,2201.0,7087.0,1977.0,1618.0,160.0,51.0,237.0,71.0,3154186.0,11384830.0,5160062.0,442426.0,372742.0,21258366.0
93,2014-04-15,31996.0,11841.0,5401.0,14384.0,6191.0,12052.0,12671.0,5566.0,11423.0,8821.0,3616.0,8210.0,2150.0,1752.0,133.0,60.0,215.0,94.0,3083035.0,11686038.0,6140639.0,572628.0,370498.0,22657638.0
94,2014-04-16,31926.0,9856.0,4024.0,12203.0,4669.0,10074.0,10742.0,4259.0,9575.0,7380.0,2527.0,6770.0,2042.0,1643.0,156.0,56.0,234.0,89.0,4547554.0,11291496.0,5544166.0,794426.0,362236.0,23349518.0
95,2014-04-17,31569.0,9303.0,3428.0,11754.0,4036.0,9559.0,10359.0,3677.0,9093.0,7366.0,2318.0,6623.0,2106.0,1658.0,147.0,66.0,233.0,99.0,5310386.0,11271748.0,5826928.0,781668.0,435724.0,24472214.0
96,2014-04-18,34571.0,9500.0,3914.0,11996.0,4571.0,9789.0,10548.0,4147.0,9319.0,7572.0,2647.0,6848.0,2083.0,1609.0,196.0,102.0,294.0,136.0,8208166.0,16357894.0,9622260.0,989906.0,1209009.0,37328755.0
97,2014-04-20,216.0,0.0,0.0,0.0,0.0,0.0,0.0,0.0,0.0,0.0,0.0,0.0,0.0,0.0,0.0,0.0,1.0,1.0,0.0,0.0,0.0,0.0,0.0,0.0
98,2014-04-21,32155.0,10110.0,3748.0,12838.0,4339.0,10412.0,11107.0,3915.0,9881.0,7806.0,2358.0,7149.0,2031.0,1643.0,143.0,54.0,232.0,81.0,4461818.0,11758438.0,4918990.0,290788.0,339648.0,22583242.0
99,2014-04-22,33914.0,11060.0,4176.0,13754.0,4885.0,11351.0,11993.0,4351.0,10756.0,8415.0,2728.0,7782.0,2180.0,1796.0,132.0,40.0,212.0,72.0,4886028.0,12127429.0,4906614.0,522836.0,404176.0,23720643.0
100,2014-04-23,34370.0,9905.0,3180.0,12424.0,3752.0,10195.0,10950.0,3396.0,9685.0,7734.0,2068.0,7013.0,2141.0,1692.0,163.0,54.0,239.0,77.0,11497224.0,29814464.0,14801526.0,1742100.0,1162870.0,59938944.0
101,2014-04-24,34378.0,9313.0,3128.0,11749.0,3674.0,9624.0,10306.0,3355.0,9127.0,7240.0,2041.0,6574.0,2044.0,1632.0,151.0,54.0,221.0,82.0,4559211.0,11022196.0,6485334.0,712826.0,338126.0,23870213.0
102,2014-04-25,32237.0,8903.0,3271.0,11516.0,3841.0,9216.0,10269.0,3591.0,8885.0,7164.0,2102.0,6355.0,2031.0,1569.0,162.0,62.0,268.0,106.0,4897688.0,10743982.0,5887514.0,423138.0,415833.0,23188435.0
103,2014-04-26,4681.0,463.0,350.0,575.0,386.0,494.0,510.0,344.0,445.0,341.0,207.0,310.0,90.0,80.0,7.0,5.0,11.0,7.0,34189.0,247116.0,214356.0,3043.0,6549.0,570533.0
104,2014-04-28,34367.0,7934.0,2682.0,9972.0,2994.0,8258.0,8783.0,2771.0,7852.0,6210.0,1586.0,5671.0,1705.0,1415.0,7.0,1.0,193.0,59.0,7599806.0,10981651.0,5994606.0,1439083.0,280887.0,27069833.0
105,2014-04-29,33745.0,8843.0,2459.0,11243.0,2884.0,9033.0,9857.0,2614.0,8631.0,7143.0,1709.0,6470.0,2074.0,1673.0,107.0,31.0,204.0,73.0,9536166.0,16896755.0,8352788.0,1025863.0,599351.0,37284283.0
106,2014-04-30,35585.0,9272.0,2728.0,11720.0,3202.0,9506.0,10323.0,2933.0,9074.0,7469.0,1887.0,6695.0,2127.0,1649.0,177.0,71.0,224.0,89.0,6346180.0,11156175.0,5843576.0,727658.0,412205.0,25312074.0
107,2014-05-01,37438.0,10204.0,4161.0,13011.0,4834.0,10549.0,11426.0,4398.0,10095.0,8272.0,2821.0,7478.0,2254.0,1798.0,218.0,76.0,298.0,119.0,5895060.0,12563564.0,5922810.0,376416.0,455302.0,26127312.0
108,2014-05-02,35541.0,9985.0,4384.0,12926.0,5136.0,10399.0,11336.0,4620.0,9940.0,8173.0,3014.0,7331.0,2194.0,1738.0,195.0,84.0,305.0,140.0,6294906.0,11642918.0,5559432.0,497244.0,420182.0,25321602.0
109,2014-05-03,304.0,0.0,0.0,0.0,0.0,0.0,0.0,0.0,0.0,0.0,0.0,0.0,0.0,0.0,1.0,1.0,2.0,2.0,0.0,0.0,617.0,0.0,0.0,617.0
110,2014-05-05,38080.0,10437.0,3654.0,13350.0,4235.0,10805.0,11633.0,3842.0,10317.0,8474.0,2462.0,7712.0,2269.0,1831.0,177.0,52.0,268.0,76.0,6817075.0,12593745.0,5091959.0,510998.0,353579.0,26221516.0
111,2014-05-06,38942.0,10118.0,3699.0,13001.0,4421.0,10470.0,11417.0,4013.0,9994.0,8018.0,2389.0,7252.0,2235.0,1814.0,175.0,86.0,236.0,108.0,7712618.0,12246144.0,5366817.0,1061616.0,407394.0,27705509.0
112,2014-05-07,36735.0,10082.0,3927.0,12784.0,4736.0,10332.0,11237.0,4280.0,9858.0,7904.0,2658.0,7203.0,2252.0,1861.0,135.0,45.0,199.0,59.0,7436098.0,11964603.0,5282563.0,945822.0,467017.0,27005903.0
113,2014-05-08,38877.0,11086.0,3827.0,14094.0,4563.0,11392.0,12334.0,4106.0,10869.0,8773.0,2660.0,8029.0,2323.0,1944.0,164.0,66.0,258.0,96.0,10198794.0,19807086.0,9114378.0,920262.0,849398.0,41873398.0
114,2014-05-09,37351.0,11205.0,4493.0,14281.0,5404.0,11556.0,12439.0,4831.0,11004.0,8818.0,3085.0,8041.0,2279.0,1800.0,173.0,79.0,296.0,141.0,7397337.0,19244392.0,9610875.0,815460.0,1209459.0,39267323.0
115,2014-05-10,895.0,41.0,39.0,50.0,47.0,40.0,41.0,40.0,33.0,23.0,22.0,16.0,11.0,9.0,1.0,1.0,1.0,1.0,847.0,17215.0,20271.0,15.0,213.0,42841.0
116,2014-05-12,37634.0,14992.0,5737.0,18812.0,6771.0,15360.0,16459.0,6148.0,14619.0,11449.0,3955.0,10533.0,2615.0,2135.0,152.0,49.0,227.0,71.0,3994490.0,15404269.0,5980138.0,295416.0,518878.0,27151591.0
117,2014-05-13,39833.0,13650.0,5837.0,17180.0,6878.0,14040.0,15035.0,6174.0,13376.0,10522.0,3938.0,9690.0,2616.0,2142.0,147.0,61.0,238.0,108.0,4798902.0,15051054.0,5699971.0,402652.0,642296.0,27585875.0
118,2014-05-14,39223.0,12518.0,4808.0,15687.0,5619.0,12819.0,13780.0,5111.0,12270.0,9319.0,3017.0,8576.0,2392.0,1982.0,126.0,41.0,234.0,83.0,6275812.0,13826794.0,6286913.0,547932.0,570903.0,28466674.0
119,2014-05-15,38569.0,11854.0,4480.0,15017.0,5343.0,12164.0,13198.0,4864.0,11698.0,9245.0,3008.0,8428.0,2410.0,1923.0,119.0,46.0,245.0,91.0,2133371.0,6597128.0,2809925.0,136118.0,291362.0,12786504.0
120,2014-05-16,40086.0,11912.0,4896.0,15235.0,5819.0,12322.0,13434.0,5316.0,11817.0,9292.0,3288.0,8396.0,2479.0,1929.0,165.0,75.0,353.0,162.0,12937188.0,51656270.0,25780439.0,701275.0,2998483.0,95197095.0
121,2014-05-17,12053.0,1572.0,1283.0,1814.0,1416.0,1594.0,1509.0,1183.0,1337.0,1142.0,894.0,1031.0,340.0,259.0,25.0,18.0,43.0,29.0,30088.0,702993.0,766796.0,113.0,16247.0,1634397.0
122,2014-05-19,39233.0,13667.0,4917.0,17302.0,5887.0,13963.0,15104.0,5342.0,13284.0,10535.0,3300.0,9573.0,2694.0,2156.0,162.0,67.0,288.0,107.0,3551890.0,16269839.0,6480901.0,235934.0,548096.0,28113340.0
123,2014-05-20,39775.0,11569.0,3743.0,14802.0,4483.0,11916.0,13036.0,4115.0,11389.0,9031.0,2444.0,8112.0,2527.0,1957.0,144.0,51.0,231.0,83.0,9144105.0,21059061.0,10083005.0,822686.0,841910.0,42981567.0
124,2014-05-21,40411.0,12108.0,3989.0,15392.0,4733.0,12428.0,13620.0,4367.0,11921.0,9369.0,2642.0,8503.0,2588.0,2028.0,196.0,65.0,267.0,87.0,8248739.0,29632408.0,13538367.0,944115.0,1114330.0,54508279.0
125,2014-05-22,40660.0,12068.0,3831.0,15534.0,4746.0,12389.0,13549.0,4226.0,11872.0,10009.0,3018.0,9059.0,2693.0,2122.0,207.0,91.0,304.0,131.0,11846415.0,31196007.0,13858907.0,748537.0,1466600.0,60271346.0
126,2014-05-23,38267.0,12248.0,3990.0,15652.0,4879.0,12566.0,13625.0,4373.0,11956.0,9635.0,2956.0,8769.0,2500.0,1985.0,223.0,104.0,333.0,146.0,30173226.0,93383238.0,51793759.0,800146.0,5074983.0,182332312.0
127,2014-05-24,701.0,40.0,38.0,51.0,45.0,42.0,46.0,40.0,39.0,23.0,20.0,21.0,4.0,4.0,0.0,0.0,0.0,0.0,4782.0,46388.0,149320.0,124.0,314.0,209088.0
128,2014-05-27,40643.0,11179.0,6511.0,13977.0,7672.0,11610.0,12465.0,6975.0,11016.0,8523.0,4441.0,7767.0,2075.0,1667.0,140.0,76.0,201.0,113.0,17035538.0,22597152.0,14134567.0,1639552.0,860462.0,57364231.0
129,2014-05-28,42877.0,12008.0,3992.0,15074.0,4761.0,12270.0,13011.0,4231.0,11642.0,9638.0,3146.0,8870.0,2571.0,2125.0,180.0,41.0,261.0,77.0,7919166.0,31367253.0,16241189.0,350580.0,1206350.0,58179138.0
130,2014-05-29,43356.0,11883.0,2998.0,15236.0,3619.0,12217.0,13176.0,3240.0,11573.0,9426.0,2191.0,8531.0,2690.0,2115.0,202.0,56.0,302.0,93.0,9708088.0,30448292.0,14444556.0,674816.0,1412676.0,57779068.0
131,2014-05-30,41521.0,10247.0,3412.0,13360.0,4158.0,10621.0,11760.0,3803.0,10101.0,8343.0,2512.0,7331.0,2541.0,1898.0,224.0,108.0,360.0,173.0,115763682.0,250011876.0,163454001.0,8727224.0,12487431.0,551562934.0
132,2014-05-31,13337.0,1156.0,543.0,1450.0,644.0,1196.0,1301.0,595.0,1122.0,1001.0,431.0,881.0,324.0,256.0,46.0,21.0,56.0,31.0,288244.0,1599314.0,1522558.0,5510.0,49190.0,3680056.0
133,2014-06-01,404.0,1.0,1.0,1.0,1.0,1.0,1.0,1.0,1.0,1.0,1.0,1.0,0.0,0.0,0.0,0.0,1.0,1.0,0.0,0.0,0.0,0.0,0.0,0.0
134,2014-06-02,41597.0,12350.0,2152.0,15543.0,2599.0,12630.0,13522.0,2398.0,12184.0,10156.0,1795.0,9214.0,2885.0,2297.0,228.0,71.0,289.0,88.0,38019176.0,122037047.0,53138541.0,193500.0,5064958.0,219592742.0
135,2014-06-03,44777.0,12541.0,3376.0,15849.0,4161.0,12854.0,13828.0,3803.0,12371.0,10258.0,2712.0,9230.0,3030.0,2370.0,266.0,114.0,366.0,167.0,10850272.0,31860848.0,15013803.0,3613.0,1084676.0,59860052.0
136,2014-06-04,44767.0,12599.0,3412.0,15593.0,4067.0,12829.0,13607.0,3667.0,12230.0,9973.0,2464.0,9046.0,2778.0,2205.0,209.0,85.0,302.0,120.0,7943142.0,23225432.0,11452537.0,2545.0,778927.0,44476463.0
137,2014-06-05,44240.0,12998.0,3692.0,16161.0,4429.0,13248.0,14147.0,4033.0,12689.0,10355.0,2747.0,9383.0,2769.0,2167.0,235.0,85.0,305.0,120.0,22434348.0,61122985.0,31673327.0,1256.0,2468640.0,118830836.0
138,2014-06-06,42787.0,12905.0,4970.0,16147.0,5951.0,13179.0,14078.0,5345.0,12585.0,10374.0,3813.0,9328.0,2764.0,2116.0,249.0,118.0,353.0,168.0,41308840.0,151349680.0,73849316.0,3820.0,6574140.0,274152956.0
139,2014-06-09,41492.0,12064.0,2684.0,14948.0,3143.0,12394.0,13060.0,2879.0,11839.0,9739.0,2073.0,8913.0,2474.0,1990.0,213.0,59.0,279.0,78.0,6909508.0,21674103.0,10732494.0,2893.0,697031.0,40909669.0
140,2014-06-10,44348.0,12810.0,3637.0,15752.0,4248.0,13125.0,13864.0,3879.0,12568.0,10062.0,2591.0,9181.0,2699.0,2154.0,195.0,49.0,258.0,76.0,10373300.0,22570423.0,10358573.0,75.0,736054.0,45088745.0
141,2014-06-11,44066.0,12466.0,3234.0,15358.0,3835.0,12728.0,13455.0,3525.0,12128.0,9750.0,2332.0,8842.0,2689.0,2126.0,222.0,76.0,290.0,98.0,11925662.0,22370498.0,10503243.0,2351.0,724063.0,46661377.0
142,2014-06-12,46978.0,14488.0,5308.0,17735.0,6212.0,14763.0,15652.0,5661.0,14110.0,11018.0,3584.0,9968.0,2810.0,2202.0,257.0,91.0,353.0,127.0,11467028.0,24311981.0,10908827.0,180.0,843564.0,48695940.0
143,2014-06-13,45380.0,13879.0,5450.0,17030.0,6388.0,14171.0,15082.0,5881.0,13619.0,10711.0,3749.0,9666.0,2524.0,1973.0,301.0,132.0,406.0,191.0,10558022.0,22526916.0,11927968.0,1514.0,729760.0,46868460.0
144,2014-06-14,8063.0,975.0,66.0,1167.0,111.0,985.0,1048.0,105.0,942.0,778.0,93.0,704.0,212.0,167.0,13.0,2.0,15.0,4.0,66604.0,517551.0,242624.0,0.0,13792.0,950931.0
145,2014-06-16,44898.0,14407.0,4478.0,17694.0,5238.0,14744.0,15519.0,4727.0,14153.0,11511.0,3459.0,10632.0,2700.0,2232.0,259.0,87.0,308.0,105.0,9351983.0,24907522.0,10973930.0,3133.0,654173.0,47018101.0
146,2014-06-17,45305.0,14332.0,4924.0,17312.0,5611.0,14625.0,15365.0,5114.0,13887.0,10407.0,3147.0,9514.0,2622.0,2110.0,267.0,102.0,338.0,127.0,12662663.0,24032954.0,10543537.0,738.0,786686.0,49190778.0
147,2014-06-18,46520.0,14161.0,3839.0,17231.0,4528.0,14471.0,15313.0,4149.0,13804.0,10823.0,2761.0,9846.0,2852.0,2257.0,265.0,78.0,316.0,97.0,11754993.0,24961227.0,11923598.0,15.0,775744.0,50531577.0
148,2014-06-19,46425.0,15855.0,5569.0,19047.0,6306.0,16149.0,16914.0,5777.0,15367.0,11667.0,3511.0,10639.0,2895.0,2259.0,277.0,91.0,324.0,102.0,10731864.0,25390843.0,13506343.0,286.0,656976.0,51450312.0
149,2014-06-20,47669.0,14980.0,5984.0,18195.0,6898.0,15369.0,16210.0,6323.0,14618.0,11383.0,3958.0,10322.0,2925.0,2231.0,334.0,159.0,410.0,191.0,37399100.0,89889819.0,47489219.0,367.0,3525367.0,179403872.0
150,2014-06-21,14402.0,1428.0,451.0,1633.0,530.0,1443.0,1474.0,489.0,1371.0,1159.0,403.0,1087.0,302.0,257.0,31.0,11.0,38.0,13.0,10960.0,40425.0,41086.0,0.0,860.0,94651.0
151,2014-06-23,47627.0,16540.0,5962.0,19800.0,6738.0,16955.0,17591.0,6186.0,16067.0,12402.0,4028.0,11418.0,2988.0,2422.0,291.0,98.0,325.0,115.0,18074898.0,52471232.0,23933451.0,17218.0,1881447.0,97538406.0
152,2014-06-24,49341.0,15544.0,5241.0,18705.0,5925.0,15903.0,16591.0,5434.0,15065.0,11389.0,3248.0,10413.0,2892.0,2285.0,240.0,73.0,298.0,92.0,12631796.0,25218663.0,12291967.0,16763.0,943664.0,52315293.0
153,2014-06-25,50029.0,15213.0,4551.0,18308.0,5254.0,15534.0,16264.0,4817.0,14689.0,11294.0,3013.0,10361.0,2846.0,2318.0,263.0,97.0,301.0,114.0,12991013.0,24521298.0,13285572.0,9037.0,899889.0,52860969.0
154,2014-06-26,50143.0,16235.0,6649.0,19414.0,7427.0,16543.0,17393.0,6869.0,15681.0,11410.0,3781.0,10324.0,2960.0,2295.0,320.0,137.0,355.0,154.0,10871697.0,25578635.0,11674052.0,115.0,685827.0,49986646.0
155,2014-06-27,47762.0,15278.0,6110.0,18817.0,7231.0,15614.0,16688.0,6622.0,14843.0,11715.0,4195.0,10495.0,3131.0,2371.0,328.0,157.0,407.0,205.0,10393958.0,24166137.0,12186395.0,5714.0,635248.0,48584532.0
156,2014-06-28,10359.0,1680.0,1019.0,1935.0,1175.0,1706.0,1705.0,1038.0,1509.0,1207.0,749.0,1107.0,294.0,228.0,54.0,38.0,52.0,36.0,31025.0,648071.0,475049.0,1128.0,15221.0,1280694.0
157,2014-06-30,49741.0,15864.0,4575.0,19607.0,5394.0,16283.0,17350.0,4977.0,15508.0,12525.0,3440.0,11329.0,3168.0,2468.0,340.0,113.0,393.0,136.0,9258909.0,27803443.0,13555827.0,15497.0,758151.0,52593467.0
158,2014-07-01,54649.0,15980.0,3948.0,19842.0,4787.0,16396.0,17313.0,4352.0,15450.0,12204.0,2749.0,11068.0,3131.0,2464.0,393.0,157.0,393.0,164.0,3785354.0,8525257.0,4105560.0,1224.0,207537.0,17690332.0
159,2014-07-02,56937.0,15932.0,5515.0,19677.0,6469.0,16297.0,17444.0,5899.0,15429.0,12021.0,3521.0,10840.0,3074.0,2402.0,377.0,142.0,372.0,145.0,4504733.0,8216300.0,4133321.0,671.0,214892.0,18123437.0
160,2014-07-03,53700.0,14833.0,4036.0,18443.0,4907.0,15230.0,16354.0,4540.0,14444.0,11493.0,2969.0,10278.0,2985.0,2287.0,475.0,223.0,475.0,232.0,3207671.0,7574381.0,3835960.0,258.0,203644.0,15859794.0
161,2014-07-04,102.0,0.0,0.0,0.0,0.0,0.0,0.0,0.0,0.0,0.0,0.0,0.0,0.0,0.0,1.0,1.0,1.0,1.0,0.0,0.0,0.0,0.0,0.0,0.0
162,2014-07-05,145.0,1.0,1.0,2.0,2.0,1.0,2.0,2.0,1.0,2.0,2.0,1.0,2.0,1.0,0.0,0.0,0.0,0.0,38.0,104.0,2811.0,0.0,0.0,2953.0
163,2014-07-07,57333.0,15442.0,3201.0,19286.0,3972.0,15972.0,17152.0,3661.0,15092.0,12389.0,2663.0,10996.0,3464.0,2565.0,345.0,101.0,324.0,97.0,3918936.0,8459878.0,3866229.0,1366.0,200621.0,17340470.0
164,2014-07-08,58254.0,15203.0,3792.0,18556.0,4362.0,15676.0,16405.0,4014.0,14779.0,11172.0,2267.0,10181.0,3021.0,2422.0,358.0,88.0,341.0,86.0,4763745.0,8173756.0,3421322.0,632.0,205936.0,17539631.0
165,2014-07-09,56436.0,16247.0,4412.0,19698.0,5143.0,16673.0,17553.0,4706.0,15787.0,11866.0,2615.0,10834.0,3127.0,2496.0,352.0,109.0,339.0,109.0,4645759.0,8684474.0,3831586.0,919.0,199447.0,18412305.0
166,2014-07-10,58150.0,16050.0,4645.0,19781.0,5482.0,16450.0,17612.0,5044.0,15524.0,11658.0,2619.0,10485.0,3121.0,2442.0,395.0,126.0,389.0,131.0,4516466.0,8142487.0,3991821.0,698.0,197782.0,17847414.0
167,2014-07-11,56115.0,15457.0,5109.0,18927.0,6012.0,15880.0,17059.0,5607.0,15166.0,11445.0,3193.0,10351.0,3034.0,2348.0,445.0,183.0,447.0,190.0,4251833.0,8092849.0,4109274.0,2.0,209775.0,17689413.0
168,2014-07-12,5136.0,863.0,482.0,998.0,547.0,875.0,902.0,504.0,789.0,696.0,380.0,625.0,209.0,169.0,20.0,12.0,20.0,12.0,62611.0,561150.0,310619.0,0.0,10298.0,1046598.0
169,2014-07-14,57117.0,17221.0,5419.0,21034.0,6248.0,17741.0,18530.0,5648.0,16746.0,13291.0,3872.0,12258.0,3197.0,2603.0,375.0,115.0,369.0,116.0,2977617.0,8948911.0,4430040.0,1945.0,224123.0,17625236.0
170,2014-07-15,57490.0,16919.0,4717.0,20668.0,5401.0,17360.0,18051.0,4894.0,16267.0,12344.0,2830.0,11350.0,3027.0,2461.0,356.0,109.0,347.0,110.0,3643344.0,8599135.0,4393469.0,647.0,225749.0,17980624.0
171,2014-07-16,57351.0,14464.0,4666.0,17477.0,5396.0,14950.0,15655.0,4986.0,14159.0,10749.0,2781.0,9771.0,2851.0,2227.0,321.0,108.0,305.0,104.0,4885821.0,7610306.0,4971975.0,14.0,166820.0,18565056.0
172,2014-07-17,59863.0,16453.0,4416.0,20099.0,5114.0,16948.0,17699.0,4625.0,15995.0,12503.0,3039.0,11436.0,3269.0,2624.0,346.0,126.0,337.0,124.0,3729571.0,8703350.0,4654755.0,127.0,204048.0,18402451.0
173,2014-07-18,58180.0,15062.0,4531.0,18728.0,5457.0,15559.0,16610.0,5005.0,14681.0,11655.0,3069.0,10385.0,3163.0,2401.0,456.0,197.0,457.0,201.0,3382156.0,8406286.0,5045201.0,85.0,229588.0,18080996.0
174,2014-07-19,15157.0,1749.0,1301.0,2056.0,1456.0,1774.0,1831.0,1305.0,1600.0,1224.0,834.0,1098.0,366.0,307.0,58.0,39.0,57.0,37.0,162387.0,935052.0,620385.0,2225.0,18695.0,1938344.0
175,2014-07-21,51435.0,12515.0,2016.0,15203.0,2447.0,13097.0,13554.0,2222.0,11851.0,9438.0,1493.0,8404.0,3107.0,2395.0,346.0,116.0,318.0,104.0,3105606.0,7372228.0,4106546.0,1520.0,162714.0,15620974.0
176,2014-07-22,52591.0,10026.0,3356.0,11726.0,3807.0,10347.0,10675.0,3502.0,9538.0,7090.0,1968.0,6417.0,2244.0,1806.0,201.0,74.0,191.0,72.0,3580902.0,5174449.0,3038232.0,1599.0,131324.0,12834666.0
177,2014-07-23,50474.0,10139.0,2594.0,12430.0,3099.0,10615.0,11289.0,2876.0,9752.0,7989.0,1882.0,7027.0,2825.0,2200.0,322.0,110.0,308.0,114.0,4008022.0,6667820.0,4095645.0,3653.0,140380.0,15739440.0
178,2014-07-24,47324.0,8478.0,2177.0,10832.0,2659.0,9134.0,9834.0,2494.0,8392.0,7024.0,1613.0,6068.0,2672.0,2037.0,267.0,92.0,258.0,91.0,4258164.0,5733069.0,4101074.0,1565.0,120159.0,14945711.0
179,2014-07-25,51587.0,8527.0,2869.0,11166.0,3525.0,9199.0,10094.0,3227.0,8440.0,7414.0,2294.0,6254.0,2983.0,2172.0,414.0,170.0,404.0,168.0,3986896.0,6640295.0,4976166.0,1423.0,147207.0,16612227.0
180,2014-07-26,15416.0,1179.0,474.0,1494.0,589.0,1209.0,1372.0,563.0,1128.0,888.0,336.0,770.0,374.0,296.0,68.0,29.0,64.0,27.0,280160.0,848608.0,795836.0,280.0,17383.0,2222347.0
181,2014-07-27,125.0,0.0,0.0,0.0,0.0,0.0,0.0,0.0,0.0,0.0,0.0,0.0,0.0,0.0,1.0,1.0,1.0,1.0,0.0,0.0,0.0,0.0,0.0,0.0
182,2014-07-28,50555.0,10137.0,2701.0,12415.0,3051.0,10815.0,11289.0,2809.0,9923.0,8156.0,1917.0,7310.0,2913.0,2318.0,330.0,133.0,311.0,129.0,3315714.0,6770126.0,4158142.0,1160.0,151310.0,15267612.0
183,2014-07-29,52024.0,9434.0,2259.0,11650.0,2656.0,9994.0,10595.0,2445.0,9210.0,7521.0,1619.0,6701.0,2732.0,2196.0,320.0,107.0,304.0,101.0,3674443.0,6540244.0,4479520.0,8012.0,149330.0,15732909.0
184,2014-07-30,50485.0,10515.0,3321.0,13087.0,3875.0,11140.0,11913.0,3573.0,10272.0,8364.0,2176.0,7285.0,3090.0,2379.0,342.0,113.0,315.0,106.0,3202124.0,7589994.0,4753801.0,205.0,152221.0,16558585.0
185,2014-07-31,53176.0,8555.0,1452.0,11372.0,2025.0,9302.0,10334.0,1936.0,8677.0,7988.0,1548.0,6867.0,3255.0,2470.0,422.0,142.0,395.0,138.0,4028021.0,7392031.0,4633770.0,241.0,183916.0,17211419.0
186,2014-08-01,53333.0,8403.0,1404.0,11421.0,2044.0,9202.0,10430.0,1975.0,8612.0,7882.0,1633.0,6569.0,3214.0,2328.0,528.0,255.0,522.0,258.0,2275021.0,7522387.0,4817967.0,128.0,194503.0,15754526.0
187,2014-08-02,2096.0,44.0,41.0,49.0,43.0,45.0,41.0,35.0,38.0,29.0,23.0,26.0,16.0,13.0,5.0,5.0,5.0,5.0,683.0,29422.0,88840.0,0.0,645.0,127790.0
188,2014-08-04,49917.0,9958.0,2290.0,12779.0,2836.0,10782.0,11560.0,2612.0,9885.0,8801.0,1833.0,7628.0,3368.0,2548.0,371.0,132.0,363.0,133.0,2170994.0,7673114.0,4860987.0,1237.0,160233.0,15782645.0
189,2014-08-05,51883.0,9832.0,2964.0,12157.0,3442.0,10428.0,11068.0,3187.0,9562.0,8252.0,2207.0,7229.0,3087.0,2377.0,336.0,102.0,317.0,99.0,2883677.0,7240193.0,4723029.0,920.0,177574.0,15885713.0
190,2014-08-06,52039.0,11553.0,4225.0,14162.0,4875.0,12139.0,12858.0,4408.0,11129.0,9032.0,2860.0,7953.0,3284.0,2515.0,344.0,138.0,326.0,132.0,2730250.0,7816541.0,4947509.0,1.0,175056.0,16605637.0
191,2014-08-07,49387.0,10017.0,2740.0,12598.0,3245.0,10749.0,11417.0,3023.0,9843.0,8452.0,2128.0,7385.0,3198.0,2494.0,357.0,119.0,338.0,114.0,2192830.0,7630999.0,4272409.0,3.0,174502.0,15282063.0
192,2014-08-08,53686.0,10757.0,3502.0,13322.0,4146.0,11471.0,12081.0,3834.0,10508.0,8471.0,2547.0,7479.0,3174.0,2513.0,424.0,170.0,423.0,177.0,1829732.0,7725072.0,5716931.0,331.0,221556.0,16333822.0
193,2014-08-09,9284.0,618.0,103.0,831.0,140.0,647.0,754.0,139.0,596.0,603.0,106.0,486.0,314.0,224.0,63.0,25.0,59.0,22.0,161639.0,698761.0,390079.0,2344.0,35053.0,1459156.0
194,2014-08-11,50575.0,8145.0,937.0,10484.0,1268.0,8845.0,9546.0,1186.0,8177.0,7190.0,925.0,6285.0,2802.0,2190.0,314.0,96.0,304.0,97.0,3080811.0,6926904.0,4423216.0,2982.0,139052.0,15376965.0
195,2014-08-12,52477.0,8863.0,1358.0,11345.0,1702.0,9464.0,10265.0,1590.0,8784.0,7527.0,1146.0,6558.0,2757.0,2138.0,280.0,91.0,267.0,91.0,3950587.0,6775174.0,4708946.0,169.0,171108.0,16539144.0
196,2014-08-13,56433.0,9237.0,1574.0,11868.0,2017.0,9819.0,10807.0,1891.0,9114.0,7864.0,1299.0,6724.0,3027.0,2296.0,324.0,108.0,295.0,103.0,3715345.0,7330266.0,5015544.0,152.0,166261.0,17115448.0
197,2014-08-14,53564.0,9938.0,2463.0,12347.0,2929.0,10511.0,11177.0,2711.0,9706.0,8270.0,1950.0,7280.0,2841.0,2173.0,322.0,115.0,306.0,115.0,2748637.0,7189519.0,4827443.0,1611.0,170063.0,15857273.0
198,2014-08-15,51306.0,8670.0,2214.0,11028.0,2777.0,9389.0,10094.0,2606.0,8700.0,7573.0,1876.0,6600.0,2942.0,2250.0,417.0,170.0,409.0,172.0,2320006.0,6997738.0,4553331.0,1267.0,138210.0,14774032.0
199,2014-08-16,8035.0,488.0,104.0,696.0,144.0,537.0,633.0,140.0,494.0,454.0,90.0,370.0,240.0,186.0,57.0,23.0,56.0,24.0,125259.0,620027.0,587610.0,2527.0,11351.0,1497134.0
200,2014-08-18,50298.0,8591.0,958.0,10754.0,1214.0,9263.0,9939.0,1141.0,8666.0,7325.0,857.0,6485.0,2798.0,2233.0,271.0,84.0,265.0,85.0,2776403.0,6986014.0,4508867.0,6.0,152440.0,15299650.0
201,2014-08-19,51680.0,9490.0,1878.0,11452.0,2215.0,9924.0,10584.0,2097.0,9238.0,7816.0,1447.0,6933.0,2997.0,2384.0,279.0,83.0,267.0,81.0,3349140.0,7218833.0,4444035.0,315.0,172722.0,16044805.0
202,2014-08-20,51643.0,9619.0,2167.0,11980.0,2577.0,10258.0,11035.0,2409.0,9574.0,7953.0,1610.0,6998.0,3062.0,2398.0,273.0,96.0,260.0,90.0,2427039.0,7452947.0,4625031.0,142.0,153931.0,15550770.0
203,2014-08-21,49103.0,8521.0,1773.0,10720.0,2168.0,9054.0,9801.0,2031.0,8387.0,7178.0,1439.0,6215.0,2941.0,2266.0,301.0,98.0,288.0,96.0,2996922.0,7260068.0,4387392.0,2776.0,172188.0,15713586.0
204,2014-08-22,48124.0,10439.0,3797.0,12746.0,4308.0,11030.0,11644.0,3992.0,10189.0,8103.0,2614.0,7169.0,3020.0,2387.0,370.0,153.0,360.0,155.0,1810061.0,7754593.0,4603192.0,2740.0,208442.0,15307628.0
205,2014-08-23,10189.0,1154.0,678.0,1482.0,821.0,1193.0,1363.0,772.0,1111.0,996.0,539.0,838.0,461.0,345.0,60.0,30.0,58.0,29.0,152738.0,854889.0,337013.0,49.0,115426.0,1635035.0
206,2014-08-25,46833.0,10873.0,3780.0,13099.0,4207.0,11572.0,11930.0,3868.0,10624.0,8824.0,2843.0,7955.0,3043.0,2440.0,287.0,104.0,273.0,98.0,1794508.0,7740423.0,3932777.0,565.0,176813.0,14468606.0
207,2014-08-26,49148.0,10623.0,3444.0,12897.0,3927.0,11206.0,11722.0,3601.0,10333.0,8478.0,2417.0,7553.0,3030.0,2372.0,274.0,86.0,260.0,84.0,2157862.0,7298613.0,4137842.0,562.0,179319.0,14698518.0
208,2014-08-27,36615.0,5181.0,1836.0,6053.0,2098.0,5341.0,5578.0,1953.0,4952.0,3993.0,1350.0,3585.0,1438.0,1150.0,151.0,67.0,147.0,66.0,720616.0,3518855.0,4456771.0,1517.0,79948.0,9438467.0
209,2014-08-28,37167.0,6704.0,2230.0,8353.0,2538.0,7249.0,7552.0,2299.0,6630.0,5580.0,1545.0,4969.0,2020.0,1601.0,213.0,99.0,205.0,94.0,1358874.0,4861816.0,4376057.0,1271.0,124476.0,11420694.0
210,2014-08-29,34403.0,5077.0,1532.0,6720.0,1891.0,5713.0,6148.0,1763.0,5253.0,4817.0,1345.0,4111.0,2033.0,1520.0,308.0,173.0,307.0,173.0,856210.0,4505226.0,3922861.0,0.0,97388.0,9958325.0
211,2014-09-02,34178.0,9097.0,4429.0,15460.0,7397.0,9898.0,13939.0,6767.0,8974.0,10705.0,4998.0,6887.0,3502.0,2007.0,262.0,96.0,254.0,97.0,947046.0,6550346.0,3421694.0,0.0,183548.0,11791954.0
212,2014-09-03,38176.0,6790.0,1875.0,9180.0,2319.0,7687.0,8389.0,2169.0,7091.0,6458.0,1571.0,5564.0,2725.0,2089.0,320.0,112.0,305.0,109.0,1393298.0,6971380.0,3947391.0,1086.0,144629.0,13244504.0
213,2014-09-04,40439.0,9265.0,3909.0,11652.0,4405.0,9980.0,10523.0,4009.0,9075.0,7689.0,2754.0,6685.0,2793.0,2133.0,277.0,88.0,272.0,86.0,1097776.0,7043452.0,4058306.0,2672.0,186315.0,13207241.0
214,2014-09-05,40525.0,8047.0,3281.0,10404.0,3790.0,8784.0,9460.0,3423.0,8035.0,6812.0,2295.0,5819.0,2610.0,1946.0,335.0,129.0,331.0,131.0,1692741.0,6450020.0,3658216.0,1172.0,199770.0,12764519.0
215,2014-09-06,3608.0,373.0,360.0,523.0,466.0,399.0,392.0,345.0,319.0,262.0,221.0,221.0,119.0,95.0,16.0,13.0,16.0,13.0,18172.0,240938.0,225631.0,7228.0,3553.0,536482.0
216,2014-09-08,36764.0,7864.0,2573.0,9948.0,2840.0,8583.0,8993.0,2631.0,7849.0,6647.0,1769.0,5889.0,2436.0,1968.0,252.0,65.0,246.0,65.0,1247704.0,6688019.0,3628196.0,7695.0,141347.0,12482841.0
217,2014-09-09,41025.0,7925.0,2613.0,10390.0,2955.0,8808.0,9376.0,2749.0,8060.0,6939.0,1933.0,6058.0,2529.0,1981.0,255.0,70.0,247.0,67.0,1954137.0,6424907.0,3938084.0,24579.0,143095.0,13293762.0
218,2014-09-10,40310.0,8453.0,2794.0,10746.0,3264.0,9109.0,9868.0,3051.0,8487.0,6919.0,1942.0,6012.0,2603.0,2019.0,273.0,93.0,260.0,91.0,2000546.0,6722690.0,4424516.0,650.0,169799.0,14091841.0
219,2014-09-11,40188.0,7504.0,1475.0,10047.0,1834.0,8256.0,9006.0,1676.0,7531.0,6669.0,1170.0,5705.0,2601.0,1949.0,283.0,87.0,272.0,84.0,2209041.0,6398236.0,3946116.0,3044.0,203574.0,13539211.0
220,2014-09-12,40955.0,6515.0,883.0,9073.0,1279.0,7321.0,8258.0,1233.0,6769.0,6168.0,1006.0,5160.0,2595.0,1918.0,363.0,125.0,364.0,131.0,2337892.0,6019634.0,3858590.0,1123.0,155081.0,13239000.0
221,2014-09-13,10446.0,963.0,467.0,1152.0,514.0,999.0,1002.0,450.0,880.0,798.0,356.0,709.0,275.0,232.0,34.0,17.0,32.0,17.0,88120.0,628878.0,551118.0,320.0,19080.0,1430476.0
222,2014-09-15,41012.0,7460.0,1353.0,9412.0,1594.0,8051.0,8575.0,1488.0,7409.0,6461.0,1140.0,5680.0,2529.0,2008.0,260.0,79.0,248.0,79.0,2285799.0,6298197.0,4041402.0,8678.0,131657.0,13566973.0
223,2014-09-16,41419.0,8001.0,1813.0,10163.0,2147.0,8612.0,9254.0,1936.0,7920.0,6654.0,1189.0,5826.0,2467.0,1933.0,225.0,53.0,214.0,52.0,2398706.0,6140337.0,3777129.0,17988.0,192409.0,13350849.0
224,2014-09-17,38423.0,7389.0,1315.0,9591.0,1595.0,8051.0,8867.0,1507.0,7541.0,6551.0,1092.0,5723.0,2541.0,1971.0,250.0,64.0,241.0,61.0,2240078.0,6275247.0,3895934.0,5622.0,208414.0,13445135.0
225,2014-09-18,40852.0,7255.0,1497.0,9470.0,1814.0,7880.0,8773.0,1714.0,7389.0,6544.0,1223.0,5604.0,2523.0,1881.0,255.0,82.0,250.0,83.0,3240495.0,5922263.0,3581919.0,6127.0,126013.0,13680697.0
226,2014-09-19,40762.0,8706.0,3477.0,11042.0,4055.0,9312.0,10194.0,3814.0,8714.0,7527.0,2649.0,6515.0,2699.0,2001.0,336.0,138.0,337.0,142.0,2697957.0,6065783.0,3939379.0,1075.0,139015.0,13586489.0
227,2014-09-20,21913.0,2584.0,938.0,3033.0,1007.0,2622.0,2786.0,944.0,2440.0,1923.0,583.0,1719.0,690.0,558.0,116.0,35.0,115.0,34.0,554664.0,1672217.0,714501.0,2567.0,29572.0,3372361.0
228,2014-09-22,37773.0,6843.0,503.0,9232.0,701.0,7636.0,8452.0,680.0,7090.0,6450.0,559.0,5531.0,2630.0,2019.0,272.0,56.0,261.0,53.0,2774258.0,6300559.0,3411058.0,11317.0,137511.0,13338063.0
229,2014-09-23,41394.0,8714.0,2097.0,11017.0,2382.0,9462.0,10162.0,2208.0,8836.0,7322.0,1449.0,6544.0,2578.0,2060.0,274.0,90.0,269.0,88.0,3041255.0,6547855.0,3628704.0,1962.0,167353.0,14170329.0
230,2014-09-24,40702.0,8208.0,1783.0,10702.0,2119.0,8980.0,9824.0,1982.0,8352.0,7365.0,1285.0,6420.0,2727.0,2119.0,321.0,102.0,314.0,98.0,2636352.0,6586862.0,3377450.0,1304.0,178528.0,13522976.0
231,2014-09-25,41080.0,7047.0,1335.0,9145.0,1609.0,7764.0,8421.0,1523.0,7239.0,6364.0,1079.0,5563.0,2376.0,1848.0,286.0,83.0,282.0,85.0,1576404.0,4825457.0,2699946.0,693.0,176256.0,9899316.0
232,2014-09-26,40943.0,7149.0,1442.0,9577.0,1853.0,7939.0,8802.0,1764.0,7380.0,6575.0,1208.0,5603.0,2610.0,1968.0,341.0,118.0,341.0,121.0,2182930.0,5861182.0,4130355.0,424.0,161648.0,13098539.0
233,2014-09-27,17376.0,2337.0,1521.0,2770.0,1675.0,2370.0,2468.0,1495.0,2145.0,1671.0,937.0,1461.0,529.0,413.0,79.0,27.0,79.0,27.0,410633.0,1248218.0,692208.0,40875.0,74390.0,2767684.0
234,2014-09-29,42978.0,7936.0,1444.0,10460.0,1795.0,8823.0,9543.0,1692.0,8119.0,7278.0,1310.0,6331.0,2721.0,2147.0,314.0,75.0,308.0,74.0,2262352.0,6601736.0,3535388.0,6784.0,158355.0,13316015.0
235,2014-09-30,41167.0,6988.0,1534.0,9192.0,1843.0,7762.0,8399.0,1739.0,7195.0,6384.0,1282.0,5589.0,2441.0,1928.0,323.0,107.0,319.0,105.0,2063903.0,5768292.0,4020171.0,287.0,123177.0,12717670.0
236,2014-10-01,41168.0,6849.0,1423.0,9121.0,1725.0,7619.0,8417.0,1647.0,7110.0,6509.0,1227.0,5614.0,2606.0,2007.0,333.0,107.0,332.0,109.0,1405202.0,6225168.0,4164075.0,682.0,142701.0,12620068.0
237,2014-10-02,42002.0,6469.0,1455.0,8306.0,1721.0,7052.0,7656.0,1620.0,6568.0,5893.0,1139.0,5156.0,2326.0,1826.0,277.0,86.0,268.0,84.0,2414795.0,5316285.0,3742345.0,7416.0,147363.0,12299844.0
238,2014-10-03,43576.0,6927.0,1807.0,9537.0,2306.0,7730.0,8753.0,2176.0,7188.0,6880.0,1659.0,5715.0,2917.0,2112.0,467.0,197.0,462.0,200.0,2020437.0,6166136.0,3840519.0,777.0,116582.0,12862091.0
239,2014-10-04,446.0,4.0,3.0,4.0,3.0,4.0,4.0,3.0,4.0,4.0,3.0,4.0,1.0,1.0,0.0,0.0,0.0,0.0,12.0,1828.0,137.0,0.0,10.0,2027.0
240,2014-10-06,41643.0,7495.0,2170.0,9721.0,2407.0,8298.0,8883.0,2234.0,7681.0,6680.0,1573.0,5793.0,2541.0,1909.0,251.0,69.0,250.0,69.0,2102643.0,5857745.0,3520963.0,1286.0,113787.0,12330264.0
241,2014-10-07,42884.0,8347.0,2597.0,10072.0,2990.0,8657.0,9240.0,2734.0,8019.0,6718.0,1857.0,5935.0,2543.0,1997.0,243.0,76.0,237.0,74.0,2776997.0,6145412.0,3797667.0,1896.0,139932.0,13636064.0
242,2014-10-08,41589.0,8448.0,2648.0,10093.0,3093.0,8666.0,9056.0,2797.0,7922.0,6887.0,2031.0,6147.0,2411.0,1959.0,229.0,74.0,223.0,72.0,2404875.0,6206961.0,4091282.0,708.0,119021.0,13569607.0
243,2014-10-09,45145.0,8208.0,2280.0,10192.0,2709.0,8550.0,9256.0,2429.0,7870.0,7043.0,1776.0,6066.0,2666.0,2037.0,252.0,85.0,254.0,88.0,2503528.0,6315031.0,3654198.0,4299.0,143800.0,13400936.0
244,2014-10-10,44007.0,7542.0,2246.0,9204.0,2629.0,7894.0,8411.0,2384.0,7292.0,6234.0,1663.0,5468.0,2358.0,1866.0,340.0,132.0,344.0,140.0,2227737.0,5724895.0,4183942.0,3717.0,112791.0,13016202.0
245,2014-10-11,10326.0,948.0,158.0,1119.0,193.0,959.0,1029.0,175.0,885.0,774.0,134.0,690.0,299.0,248.0,37.0,15.0,36.0,15.0,134310.0,784093.0,526578.0,0.0,26568.0,1609989.0
246,2014-10-13,38772.0,6651.0,1238.0,7729.0,1485.0,6757.0,7078.0,1363.0,6232.0,5247.0,960.0,4725.0,1927.0,1615.0,193.0,47.0,191.0,47.0,2540270.0,5059155.0,3231989.0,4922.0,86562.0,11630498.0
247,2014-10-14,40717.0,8782.0,2721.0,10069.0,3089.0,8833.0,9248.0,2855.0,8160.0,6761.0,1960.0,6042.0,2330.0,1868.0,237.0,73.0,232.0,71.0,1991027.0,6070062.0,3468546.0,397.0,111736.0,12327408.0
248,2014-10-15,43288.0,8816.0,1930.0,10502.0,2347.0,8881.0,9482.0,2125.0,8119.0,6911.0,1506.0,6042.0,2494.0,1944.0,264.0,85.0,260.0,86.0,1859332.0,6289158.0,3945379.0,1614.0,185039.0,13048242.0
249,2014-10-16,41906.0,7639.0,1252.0,9108.0,1567.0,7730.0,8249.0,1398.0,7069.0,6146.0,1042.0,5413.0,2280.0,1837.0,242.0,65.0,239.0,67.0,2384324.0,5671621.0,3413550.0,3677.0,184645.0,12384897.0
250,2014-10-17,40409.0,7553.0,2433.0,9043.0,2861.0,7661.0,8245.0,2608.0,7031.0,6287.0,2008.0,5476.0,2217.0,1764.0,322.0,121.0,320.0,123.0,1664560.0,5443961.0,3515177.0,851.0,110341.0,11388770.0
251,2014-10-18,12901.0,1408.0,351.0,1661.0,423.0,1422.0,1503.0,379.0,1290.0,1121.0,280.0,994.0,394.0,314.0,74.0,31.0,74.0,31.0,180087.0,1041459.0,620121.0,4297.0,15922.0,2065166.0
252,2014-10-20,45262.0,8018.0,1727.0,9617.0,2072.0,8101.0,8730.0,1884.0,7446.0,6414.0,1300.0,5562.0,2300.0,1828.0,251.0,69.0,248.0,70.0,2319953.0,5731699.0,3667944.0,2160.0,106303.0,12538499.0
253,2014-10-21,42190.0,8810.0,2812.0,10098.0,3139.0,8867.0,9112.0,2868.0,8072.0,6408.0,1892.0,5789.0,2163.0,1812.0,224.0,63.0,219.0,61.0,2054326.0,5499764.0,3246694.0,2352.0,122295.0,11667664.0
254,2014-10-22,45055.0,8930.0,2849.0,10268.0,3270.0,8997.0,9158.0,2953.0,8066.0,6752.0,2093.0,6006.0,2225.0,1789.0,228.0,69.0,226.0,68.0,1474383.0,5671628.0,3620049.0,4269.0,132782.0,11689884.0
255,2014-10-23,42455.0,8665.0,2903.0,10055.0,3327.0,8704.0,8971.0,2994.0,7827.0,6613.0,2109.0,5873.0,2281.0,1830.0,274.0,93.0,271.0,94.0,1980758.0,5697662.0,3457150.0,2091.0,114207.0,11991620.0
256,2014-10-24,41712.0,7788.0,1967.0,9207.0,2393.0,7872.0,8198.0,2166.0,7067.0,6153.0,1634.0,5339.0,2274.0,1727.0,364.0,148.0,359.0,150.0,1289102.0,5382649.0,3416327.0,1049.0,114530.0,10951289.0
257,2014-10-25,16172.0,1504.0,432.0,1860.0,509.0,1527.0,1642.0,456.0,1376.0,1294.0,348.0,1092.0,500.0,391.0,74.0,30.0,73.0,30.0,289345.0,1270613.0,872974.0,21527.0,30140.0,2798382.0
258,2014-10-27,42493.0,9269.0,3067.0,10673.0,3458.0,9359.0,9578.0,3121.0,8442.0,7165.0,2306.0,6391.0,2466.0,1997.0,231.0,63.0,227.0,62.0,1627074.0,6054371.0,3184114.0,4921.0,132154.0,11706137.0
259,2014-10-28,40688.0,7504.0,2008.0,8914.0,2311.0,7573.0,7965.0,2078.0,6840.0,5919.0,1423.0,5183.0,2191.0,1735.0,230.0,61.0,221.0,59.0,1779273.0,5921955.0,3532834.0,5461.0,98525.0,12004208.0
260,2014-10-29,40383.0,8868.0,2461.0,10395.0,2861.0,8961.0,9275.0,2558.0,8075.0,6795.0,1734.0,6049.0,2383.0,1898.0,214.0,69.0,211.0,69.0,2149426.0,5811616.0,3414673.0,5173.0,151850.0,12223378.0
261,2014-10-30,43076.0,10208.0,3381.0,11753.0,3813.0,10274.0,10482.0,3410.0,9226.0,7583.0,2303.0,6754.0,2388.0,1905.0,279.0,86.0,273.0,86.0,1690147.0,5922178.0,3725692.0,2217.0,182195.0,12232629.0
262,2014-10-31,40264.0,8277.0,2266.0,9880.0,2841.0,8377.0,8872.0,2575.0,7569.0,6669.0,1888.0,5737.0,2442.0,1825.0,420.0,187.0,423.0,193.0,1154373.0,5305136.0,3675564.0,3747.0,122228.0,10915088.0
263,2014-11-01,538.0,71.0,68.0,80.0,76.0,72.0,58.0,55.0,55.0,39.0,36.0,38.0,18.0,17.0,1.0,1.0,1.0,1.0,609.0,56771.0,10994.0,56.0,892.0,81602.0
264,2014-11-03,40234.0,7421.0,1251.0,9217.0,1747.0,7507.0,8051.0,1561.0,6626.0,6255.0,1284.0,5177.0,2530.0,1816.0,333.0,118.0,332.0,120.0,1455742.0,5517307.0,3326915.0,8632.0,105333.0,11059889.0
265,2014-11-04,43197.0,9038.0,2937.0,10382.0,3331.0,9105.0,9282.0,2964.0,8193.0,6886.0,2091.0,6151.0,2238.0,1813.0,298.0,85.0,300.0,88.0,1427632.0,5806941.0,3457306.0,8123.0,115539.0,11722509.0
266,2014-11-05,41531.0,8781.0,2558.0,10148.0,2890.0,8859.0,9031.0,2579.0,7972.0,6643.0,1906.0,5919.0,2234.0,1795.0,274.0,91.0,271.0,92.0,2660892.0,6248236.0,3767952.0,3783.0,170277.0,13732632.0
267,2014-11-06,43413.0,9949.0,3380.0,11589.0,3815.0,10004.0,10216.0,3380.0,8895.0,7462.0,2419.0,6549.0,2397.0,1842.0,302.0,89.0,294.0,87.0,2835898.0,6296103.0,4017616.0,2035.0,274714.0,15079529.0
268,2014-11-07,42471.0,8178.0,2158.0,9789.0,2603.0,8264.0,8755.0,2359.0,7447.0,6438.0,1716.0,5533.0,2329.0,1778.0,334.0,111.0,336.0,114.0,1728672.0,5892933.0,3903118.0,2107.0,133152.0,12826924.0
269,2014-11-08,10089.0,791.0,129.0,994.0,192.0,798.0,859.0,174.0,712.0,616.0,138.0,518.0,279.0,227.0,34.0,12.0,34.0,12.0,160649.0,736824.0,464936.0,10058.0,15014.0,1554601.0
270,2014-11-10,42423.0,9245.0,2746.0,10619.0,3072.0,9274.0,9408.0,2759.0,8280.0,6836.0,1972.0,6078.0,2316.0,1859.0,257.0,58.0,251.0,57.0,1512056.0,6145955.0,3486106.0,4768.0,127075.0,12421818.0
271,2014-11-11,42184.0,9407.0,3076.0,10711.0,3408.0,9431.0,9453.0,2961.0,8366.0,6705.0,1975.0,6004.0,2118.0,1726.0,242.0,59.0,241.0,61.0,2023440.0,5996999.0,3385107.0,3365.0,99831.0,12589645.0
272,2014-11-12,41316.0,10324.0,4208.0,11690.0,4576.0,10365.0,10337.0,4035.0,9224.0,7484.0,2852.0,6753.0,2310.0,1852.0,239.0,70.0,235.0,70.0,1626406.0,6315586.0,3791533.0,3148.0,114060.0,12974558.0
273,2014-11-13,41553.0,9532.0,2966.0,11050.0,3417.0,9571.0,9580.0,2870.0,8342.0,6810.0,1934.0,5939.0,2218.0,1682.0,259.0,79.0,257.0,80.0,1765135.0,5955511.0,3423025.0,1841.0,164577.0,12361557.0
274,2014-11-14,43624.0,9464.0,3282.0,11322.0,3863.0,9513.0,10225.0,3491.0,8644.0,7492.0,2441.0,6361.0,2698.0,1978.0,389.0,160.0,392.0,165.0,1516481.0,6388435.0,3930209.0,4262.0,166593.0,13107574.0
275,2014-11-15,15498.0,1167.0,429.0,1413.0,506.0,1165.0,1281.0,461.0,1064.0,975.0,352.0,821.0,424.0,327.0,72.0,21.0,71.0,21.0,290404.0,1029628.0,842084.0,4439.0,59066.0,2805183.0
276,2014-11-17,43881.0,8919.0,2368.0,10472.0,2712.0,8997.0,9382.0,2437.0,8142.0,6809.0,1741.0,5999.0,2398.0,1864.0,293.0,87.0,292.0,87.0,1489921.0,6312127.0,3487957.0,2227.0,125812.0,12603082.0
277,2014-11-18,44172.0,13120.0,6318.0,14572.0,6880.0,13196.0,13004.0,6204.0,11928.0,8940.0,4112.0,8272.0,1924.0,1546.0,195.0,76.0,192.0,74.0,2125375.0,5572095.0,3942728.0,2842.0,195137.0,12931464.0
278,2014-11-19,42221.0,8931.0,2368.0,10484.0,2759.0,8984.0,9581.0,2569.0,8302.0,6965.0,1899.0,6157.0,2276.0,1842.0,269.0,84.0,267.0,84.0,2117814.0,5942778.0,3859140.0,911.0,118764.0,13216421.0
279,2014-11-20,45531.0,9470.0,3145.0,11077.0,3652.0,9506.0,9923.0,3247.0,8570.0,6903.0,2141.0,6002.0,2258.0,1711.0,269.0,72.0,271.0,74.0,2573847.0,5645831.0,3564291.0,4747.0,114993.0,13029073.0
280,2014-11-21,46229.0,9347.0,2928.0,11081.0,3556.0,9378.0,10025.0,3251.0,8586.0,7165.0,2203.0,6203.0,2480.0,1915.0,358.0,145.0,358.0,146.0,1693378.0,6102808.0,3994026.0,773.0,122547.0,13357499.0
281,2014-11-22,17490.0,1676.0,672.0,1987.0,785.0,1682.0,1820.0,719.0,1561.0,1309.0,530.0,1157.0,442.0,358.0,77.0,24.0,75.0,24.0,304610.0,1097609.0,519550.0,9341.0,28120.0,2727878.0
282,2014-11-24,44434.0,9253.0,3145.0,10743.0,3553.0,9314.0,9828.0,3263.0,8596.0,7003.0,2244.0,6214.0,2318.0,1846.0,271.0,71.0,262.0,69.0,2699030.0,5627475.0,3644910.0,9864.0,123689.0,13245530.0
283,2014-11-25,44315.0,10292.0,4233.0,11887.0,4790.0,10326.0,10866.0,4403.0,9538.0,7214.0,2720.0,6478.0,2110.0,1668.0,252.0,88.0,247.0,88.0,3332881.0,5302234.0,3389527.0,1496.0,112786.0,13229457.0
284,2014-11-26,42655.0,7559.0,1881.0,8995.0,2317.0,7600.0,8232.0,2116.0,7035.0,5659.0,1456.0,4962.0,1861.0,1458.0,290.0,103.0,291.0,106.0,2333265.0,4679930.0,2739266.0,3783.0,113672.0,11101423.0
285,2014-11-28,42357.0,7312.0,2332.0,8747.0,2889.0,7354.0,7974.0,2658.0,6774.0,5434.0,1673.0,4804.0,1854.0,1450.0,366.0,128.0,365.0,129.0,2544860.0,4622880.0,3763084.0,12422.0,83223.0,12203500.0
286,2014-11-29,17762.0,1292.0,332.0,1474.0,352.0,1292.0,1337.0,301.0,1172.0,1007.0,206.0,891.0,364.0,296.0,67.0,21.0,67.0,21.0,306065.0,911448.0,792030.0,15810.0,11182.0,2651702.0
287,2014-12-01,43411.0,7848.0,1325.0,9408.0,1731.0,7904.0,8541.0,1556.0,7252.0,6137.0,1131.0,5286.0,2269.0,1765.0,333.0,82.0,320.0,80.0,2481766.0,7253973.0,3368614.0,1477.0,122733.0,13794186.0
288,2014-12-02,44881.0,8157.0,1493.0,9507.0,1801.0,8185.0,8616.0,1616.0,7495.0,6094.0,1142.0,5408.0,2069.0,1690.0,302.0,75.0,296.0,74.0,2167779.0,5380466.0,3799733.0,2853.0,145904.0,12628098.0
289,2014-12-03,45266.0,7763.0,2125.0,9225.0,2551.0,7822.0,8200.0,2174.0,7041.0,5820.0,1433.0,5041.0,2051.0,1590.0,330.0,112.0,326.0,112.0,1943675.0,5451774.0,4272348.0,2260.0,85444.0,13576025.0
290,2014-12-04,45126.0,8018.0,2252.0,9588.0,2789.0,8049.0,8640.0,2475.0,7378.0,5648.0,1383.0,4929.0,1947.0,1525.0,286.0,87.0,285.0,88.0,2128436.0,4962945.0,3666712.0,1368.0,80526.0,12589788.0
291,2014-12-05,44818.0,7916.0,2197.0,9404.0,2776.0,7926.0,8453.0,2451.0,7245.0,5947.0,1672.0,5175.0,2088.0,1632.0,337.0,116.0,339.0,123.0,1940747.0,5340584.0,4200617.0,866.0,139048.0,13842085.0
292,2014-12-06,5911.0,603.0,170.0,749.0,188.0,602.0,661.0,157.0,530.0,467.0,118.0,395.0,223.0,172.0,21.0,6.0,21.0,6.0,136582.0,545469.0,380365.0,16055.0,7193.0,1215904.0
293,2014-12-08,45414.0,9153.0,3030.0,10729.0,3482.0,9195.0,9666.0,3106.0,8375.0,6716.0,2058.0,5953.0,2096.0,1653.0,257.0,66.0,254.0,66.0,2321662.0,5159150.0,4001325.0,1300.0,95258.0,13136076.0
294,2014-12-09,43262.0,6507.0,1990.0,7498.0,2303.0,6506.0,6378.0,1864.0,5573.0,3972.0,969.0,3557.0,1321.0,1092.0,155.0,38.0,151.0,36.0,1136159.0,3437853.0,2290200.0,5279.0,51638.0,7637283.0
